{
  "n_samples": 337,
  "mcnemar_stat": 18.27848101265823,
  "mcnemar_pvalue": 1.9085093925452767e-05
}